{"stats":{"minecraft:mined":{"minecraft:white_bed":3,"minecraft:cherry_log":3,"minecraft:granite":3,"minecraft:acacia_log":13,"minecraft:grass_block":3268,"minecraft:jungle_log":6,"minecraft:cracked_polished_blackstone_bricks":126,"minecraft:polished_blackstone_bricks":206,"minecraft:tall_seagrass":1,"minecraft:magma_block":18,"minecraft:glowstone":93,"minecraft:fire":40,"minecraft:iron_ore":62,"minecraft:cobbled_deepslate":10,"minecraft:pumpkin":9,"minecraft:pointed_dripstone":6,"minecraft:azalea":1,"minecraft:deepslate_redstone_ore":55,"minecraft:blackstone":43,"minecraft:clay":8,"minecraft:torch":11,"minecraft:poppy":3,"minecraft:melon":8,"minecraft:chest":2,"minecraft:nether_quartz_ore":127,"minecraft:cobblestone":43,"minecraft:sugar_cane":150,"minecraft:oak_planks":16,"minecraft:wall_torch":3,"minecraft:seagrass":1,"minecraft:wheat":334,"minecraft:warped_fungus":1,"minecraft:stone_brick_stairs":2,"minecraft:oak_log":23,"minecraft:sand":41,"minecraft:dirt":170,"minecraft:netherrack":627,"minecraft:oak_leaves":18,"minecraft:deepslate":52,"minecraft:nether_gold_ore":19,"minecraft:tuff":5,"minecraft:deepslate_diamond_ore":24,"minecraft:mangrove_roots":3,"minecraft:nether_bricks":1,"minecraft:spruce_leaves":60,"minecraft:moss_block":29,"minecraft:mangrove_propagule":9,"minecraft:furnace":1,"minecraft:andesite":13,"minecraft:gold_block":2,"minecraft:deepslate_iron_ore":32,"minecraft:vine":1,"minecraft:warped_stem":1,"minecraft:bamboo":20,"minecraft:stone":244,"minecraft:acacia_leaves":14,"minecraft:soul_sand":10,"minecraft:basalt":48,"minecraft:spruce_door":18,"minecraft:dandelion":12,"minecraft:oak_fence":13,"minecraft:crafting_table":5,"minecraft:cornflower":2,"minecraft:short_grass":645,"minecraft:tall_grass":99,"minecraft:copper_ore":8,"minecraft:lapis_ore":9,"minecraft:deepslate_gold_ore":19,"minecraft:lily_pad":3,"minecraft:polished_blackstone_brick_stairs":1,"minecraft:diorite":82,"minecraft:warped_wart_block":3,"minecraft:sweet_berry_bush":7,"minecraft:white_carpet":1,"minecraft:spruce_log":90,"minecraft:coal_ore":138,"minecraft:mycelium":1,"minecraft:cocoa":10,"minecraft:cherry_leaves":28,"minecraft:dripstone_block":28,"minecraft:gravel":141,"minecraft:stone_bricks":20},"minecraft:crafted":{"minecraft:oak_planks":92,"minecraft:purple_bed":1,"minecraft:birch_slab":6,"minecraft:stone":100,"minecraft:cooked_mutton":5,"minecraft:bow":1,"minecraft:iron_boots":2,"minecraft:chest":2,"minecraft:stone_hoe":1,"minecraft:oak_fence":36,"minecraft:stone_bricks":56,"minecraft:golden_boots":3,"minecraft:arrow":36,"minecraft:cauldron":5,"minecraft:cooked_porkchop":14,"minecraft:crafting_table":2,"minecraft:spruce_planks":76,"minecraft:wooden_pickaxe":1,"minecraft:iron_helmet":1,"minecraft:spruce_door":3,"minecraft:birch_planks":12,"minecraft:iron_chestplate":2,"minecraft:diamond_pickaxe":1,"minecraft:purple_dye":2,"minecraft:shield":3,"minecraft:stick":207,"minecraft:iron_ingot":131,"minecraft:iron_pickaxe":4,"minecraft:stone_sword":2,"minecraft:gold_ingot":30,"minecraft:redstone_torch":1,"minecraft:composter":1,"minecraft:cherry_planks":8,"minecraft:wooden_sword":1,"minecraft:stone_shovel":27,"minecraft:leather_boots":1,"minecraft:white_carpet":6,"minecraft:flint_and_steel":1,"minecraft:spruce_slab":12,"minecraft:stone_pickaxe":6,"minecraft:spruce_boat":1,"minecraft:cooked_beef":1,"minecraft:red_dye":1,"minecraft:iron_sword":3,"minecraft:bucket":1,"minecraft:stone_axe":2,"minecraft:air":0,"minecraft:bread":85,"minecraft:jungle_planks":20,"minecraft:blue_dye":1,"minecraft:oak_boat":1,"minecraft:iron_leggings":3,"minecraft:stonecutter":1,"minecraft:white_bed":1,"minecraft:torch":304},"minecraft:killed_by":{"minecraft:creeper":1,"minecraft:piglin":1,"minecraft:zombie":1,"minecraft:enderman":1},"minecraft:killed":{"minecraft:spider":10,"minecraft:skeleton":20,"minecraft:chicken":3,"minecraft:piglin_brute":1,"minecraft:magma_cube":18,"minecraft:piglin":2,"minecraft:pig":5,"minecraft:zombie_villager":1,"minecraft:creeper":4,"minecraft:sheep":8,"minecraft:pillager":3,"minecraft:zombie":56,"minecraft:ghast":2,"minecraft:cow":20,"minecraft:blaze":3,"minecraft:slime":2,"minecraft:wither_skeleton":4},"minecraft:picked_up":{"minecraft:iron_chestplate":3,"minecraft:wheat":326,"minecraft:potion":3,"minecraft:stone_brick_stairs":1,"minecraft:music_disc_cat":2,"minecraft:string":13,"minecraft:raw_copper":25,"minecraft:iron_leggings":4,"minecraft:gold_nugget":22,"minecraft:cobbled_deepslate":128,"minecraft:bucket":1,"minecraft:azalea":2,"minecraft:iron_pickaxe":5,"minecraft:melon_slice":35,"minecraft:iron_boots":3,"minecraft:furnace":1,"minecraft:golden_helmet":2,"minecraft:stick":11,"minecraft:oak_fence":13,"minecraft:torch":188,"minecraft:acacia_log":13,"minecraft:porkchop":11,"minecraft:golden_axe":2,"minecraft:cherry_log":3,"minecraft:pointed_dripstone":31,"minecraft:diorite":81,"minecraft:stone_sword":1,"minecraft:rotten_flesh":116,"minecraft:armadillo_scute":1,"minecraft:mangrove_roots":3,"minecraft:cobblestone":393,"minecraft:magma_block":32,"minecraft:feather":6,"minecraft:cooked_beef":26,"minecraft:magma_cream":1,"minecraft:jungle_log":7,"minecraft:water_bucket":1,"minecraft:andesite":14,"minecraft:potato":5,"minecraft:flint":17,"minecraft:tuff":10,"minecraft:dirt":3424,"minecraft:lapis_lazuli":79,"minecraft:name_tag":1,"minecraft:bone":65,"minecraft:bow":4,"minecraft:wheat_seeds":1006,"minecraft:raw_gold":13,"minecraft:bamboo":172,"minecraft:glowstone_dust":559,"minecraft:moss_block":26,"minecraft:oak_planks":20,"minecraft:cooked_porkchop":4,"minecraft:warped_wart_block":7,"minecraft:sand":37,"minecraft:spectral_arrow":33,"minecraft:diamond":31,"minecraft:spruce_boat":10,"minecraft:cracked_polished_blackstone_bricks":63,"minecraft:granite":11,"minecraft:bone_meal":15,"minecraft:bread":26,"minecraft:oak_sapling":2,"minecraft:netherrack":820,"minecraft:diamond_pickaxe":3,"minecraft:cocoa_beans":22,"minecraft:crafting_table":5,"minecraft:chicken":3,"minecraft:clay_ball":32,"minecraft:brown_mushroom":3,"minecraft:gold_block":2,"minecraft:shield":5,"minecraft:cornflower":2,"minecraft:moss_carpet":1,"minecraft:white_carpet":1,"minecraft:blackstone":57,"minecraft:beef":38,"minecraft:oak_boat":11,"minecraft:poppy":3,"minecraft:sugar_cane":329,"minecraft:chest":2,"minecraft:egg":15,"minecraft:raw_iron":152,"minecraft:polished_blackstone_bricks":111,"minecraft:redstone":247,"minecraft:stone_shovel":2,"minecraft:arrow":73,"minecraft:beetroot_seeds":2,"minecraft:nether_bricks":1,"minecraft:glow_berries":3,"minecraft:mutton":14,"minecraft:white_wool":8,"minecraft:basalt":54,"minecraft:glow_ink_sac":1,"minecraft:leather":21,"minecraft:filled_map":1,"minecraft:oak_log":23,"minecraft:lily_pad":28,"minecraft:ancient_debris":1,"minecraft:golden_boots":2,"minecraft:gunpowder":18,"minecraft:white_banner":2,"minecraft:cooked_mutton":17,"minecraft:stone_bricks":20,"minecraft:kelp":5,"minecraft:warped_stem":2,"minecraft:stone_pickaxe":6,"minecraft:iron_ingot":2,"minecraft:cooked_chicken":2,"minecraft:acacia_sapling":4,"minecraft:iron_sword":3,"minecraft:soul_sand":36,"minecraft:warped_fungus":3,"minecraft:pumpkin":9,"minecraft:sweet_berries":25,"minecraft:quartz":209,"minecraft:dandelion":22,"minecraft:dripstone_block":27,"minecraft:gravel":134,"minecraft:spruce_sapling":13,"minecraft:white_bed":3,"minecraft:spruce_log":90,"minecraft:spider_eye":3,"minecraft:spruce_door":18,"minecraft:stone_axe":1,"minecraft:iron_helmet":3,"minecraft:cherry_sapling":3,"minecraft:coal":142,"minecraft:mangrove_propagule":8},"minecraft:dropped":{"minecraft:iron_sword":1,"minecraft:brown_mushroom":1,"minecraft:diamond":2,"minecraft:leather":1,"minecraft:gravel":4,"minecraft:stone_axe":1,"minecraft:ancient_debris":1,"minecraft:golden_boots":1,"minecraft:stick":1,"minecraft:torch":65,"minecraft:potion":1,"minecraft:iron_leggings":3,"minecraft:armadillo_scute":1,"minecraft:music_disc_cat":1,"minecraft:iron_boots":1,"minecraft:filled_map":2,"minecraft:shield":4,"minecraft:iron_chestplate":1,"minecraft:stone_pickaxe":2},"minecraft:broken":{"minecraft:stone_pickaxe":3,"minecraft:bow":1,"minecraft:stone_shovel":27,"minecraft:stone_sword":1,"minecraft:iron_pickaxe":3},"minecraft:used":{"minecraft:chest":4,"minecraft:shield":14,"minecraft:stone":2,"minecraft:iron_sword":308,"minecraft:rotten_flesh":32,"minecraft:iron_chestplate":2,"minecraft:nether_bricks":1,"minecraft:acacia_sapling":4,"minecraft:milk_bucket":4,"minecraft:spruce_boat":11,"minecraft:lava_bucket":45,"minecraft:iron_helmet":1,"minecraft:stone_brick_stairs":15,"minecraft:stone_bricks":85,"minecraft:magma_block":3,"minecraft:bow":30,"minecraft:furnace":1,"minecraft:oak_sapling":1,"minecraft:cooked_cod":1,"minecraft:egg":2,"minecraft:golden_boots":6,"minecraft:diorite":58,"minecraft:spruce_door":18,"minecraft:stone_pickaxe":469,"minecraft:oak_planks":16,"minecraft:blackstone":11,"minecraft:wooden_pickaxe":5,"minecraft:composter":1,"minecraft:sugar_cane":150,"minecraft:glow_berries":3,"minecraft:sand":4,"minecraft:dripstone_block":8,"minecraft:redstone_torch":1,"minecraft:bread":79,"minecraft:melon_slice":20,"minecraft:wooden_sword":10,"minecraft:andesite":5,"minecraft:oak_boat":12,"minecraft:oak_fence":49,"minecraft:stone_sword":162,"minecraft:acacia_log":4,"minecraft:flint_and_steel":1,"minecraft:stone_shovel":3575,"minecraft:stone_hoe":81,"minecraft:cooked_chicken":2,"minecraft:netherrack":400,"minecraft:torch":325,"minecraft:dirt":3657,"minecraft:white_carpet":7,"minecraft:granite":1,"minecraft:iron_boots":5,"minecraft:bamboo":11,"minecraft:basalt":23,"minecraft:golden_carrot":10,"minecraft:beef":7,"minecraft:cooked_beef":21,"minecraft:cobbled_deepslate":74,"minecraft:iron_leggings":1,"minecraft:pointed_dripstone":8,"minecraft:wheat_seeds":765,"minecraft:cooked_mutton":22,"minecraft:water_bucket":27,"minecraft:brown_mushroom":1,"minecraft:cauldron":5,"minecraft:stonecutter":1,"minecraft:leather_boots":1,"minecraft:polished_blackstone_bricks":102,"minecraft:crafting_table":6,"minecraft:white_bed":3,"minecraft:diamond_pickaxe":1031,"minecraft:cracked_polished_blackstone_bricks":36,"minecraft:mangrove_propagule":2,"minecraft:iron_pickaxe":734,"minecraft:map":1,"minecraft:spruce_sapling":8,"minecraft:stone_axe":208,"minecraft:cobblestone":128,"minecraft:purple_bed":1,"minecraft:porkchop":7,"minecraft:white_banner":2,"minecraft:cooked_porkchop":20,"minecraft:bucket":77},"minecraft:custom":{"minecraft:animals_bred":17,"minecraft:interact_with_crafting_table":74,"minecraft:leave_game":13,"minecraft:time_since_death":132865,"minecraft:sprint_one_cm":2370068,"minecraft:damage_blocked_by_shield":529,"minecraft:drop":29,"minecraft:play_time":791270,"minecraft:deaths":5,"minecraft:jump":10823,"minecraft:walk_on_water_one_cm":207233,"minecraft:interact_with_furnace":96,"minecraft:sleep_in_bed":28,"minecraft:damage_dealt":24094,"minecraft:crouch_one_cm":87129,"minecraft:use_cauldron":25,"minecraft:mob_kills":164,"minecraft:fill_cauldron":1,"minecraft:interact_with_campfire":32,"minecraft:climb_one_cm":13502,"minecraft:walk_one_cm":1422043,"minecraft:sneak_time":52926,"minecraft:walk_under_water_one_cm":256589,"minecraft:boat_one_cm":913050,"minecraft:total_world_time":791270,"minecraft:interact_with_stonecutter":6,"minecraft:time_since_rest":132905,"minecraft:damage_taken":8939,"minecraft:swim_one_cm":308440,"minecraft:fly_one_cm":2400820,"minecraft:open_chest":309,"minecraft:fall_one_cm":240544}},"DataVersion":3839}