{"stats":{"minecraft:picked_up":{"minecraft:cocoa_beans":19,"minecraft:crafting_table":4,"minecraft:wheat":74,"minecraft:chicken":1,"minecraft:cornflower":2,"minecraft:music_disc_cat":2,"minecraft:string":7,"minecraft:moss_carpet":1,"minecraft:raw_copper":25,"minecraft:white_carpet":1,"minecraft:bucket":1,"minecraft:beef":5,"minecraft:oak_boat":11,"minecraft:azalea":2,"minecraft:poppy":3,"minecraft:iron_pickaxe":1,"minecraft:sugar_cane":228,"minecraft:melon_slice":35,"minecraft:chest":2,"minecraft:egg":8,"minecraft:furnace":1,"minecraft:raw_iron":44,"minecraft:oak_fence":13,"minecraft:torch":103,"minecraft:acacia_log":13,"minecraft:pointed_dripstone":31,"minecraft:diorite":58,"minecraft:stone_sword":1,"minecraft:arrow":13,"minecraft:rotten_flesh":47,"minecraft:beetroot_seeds":2,"minecraft:armadillo_scute":1,"minecraft:mangrove_roots":3,"minecraft:glow_berries":3,"minecraft:mutton":9,"minecraft:white_wool":5,"minecraft:cobblestone":224,"minecraft:feather":4,"minecraft:cooked_beef":9,"minecraft:glow_ink_sac":1,"minecraft:andesite":10,"minecraft:jungle_log":7,"minecraft:leather":8,"minecraft:oak_log":19,"minecraft:lily_pad":28,"minecraft:gunpowder":5,"minecraft:lapis_lazuli":41,"minecraft:dirt":685,"minecraft:bone":20,"minecraft:stone_bricks":9,"minecraft:wheat_seeds":285,"minecraft:stone_pickaxe":3,"minecraft:iron_ingot":2,"minecraft:bamboo":172,"minecraft:moss_block":26,"minecraft:acacia_sapling":4,"minecraft:oak_planks":16,"minecraft:pumpkin":9,"minecraft:dandelion":10,"minecraft:dripstone_block":27,"minecraft:gravel":18,"minecraft:sand":8,"minecraft:white_bed":3,"minecraft:spider_eye":1,"minecraft:granite":5,"minecraft:bread":8,"minecraft:oak_sapling":1,"minecraft:coal":98,"minecraft:mangrove_propagule":8},"minecraft:killed_by":{"minecraft:zombie":1},"minecraft:dropped":{"minecraft:armadillo_scute":1,"minecraft:music_disc_cat":1,"minecraft:stone_axe":1},"minecraft:mined":{"minecraft:white_bed":3,"minecraft:mangrove_roots":3,"minecraft:acacia_log":13,"minecraft:grass_block":663,"minecraft:jungle_log":6,"minecraft:moss_block":29,"minecraft:mangrove_propagule":9,"minecraft:tall_seagrass":1,"minecraft:furnace":1,"minecraft:iron_ore":41,"minecraft:fire":11,"minecraft:andesite":10,"minecraft:pumpkin":9,"minecraft:pointed_dripstone":6,"minecraft:vine":1,"minecraft:bamboo":20,"minecraft:azalea":1,"minecraft:stone":216,"minecraft:acacia_leaves":14,"minecraft:dandelion":11,"minecraft:oak_fence":13,"minecraft:crafting_table":4,"minecraft:cornflower":2,"minecraft:torch":4,"minecraft:short_grass":596,"minecraft:poppy":3,"minecraft:melon":8,"minecraft:chest":2,"minecraft:tall_grass":83,"minecraft:copper_ore":8,"minecraft:cobblestone":1,"minecraft:lapis_ore":6,"minecraft:lily_pad":3,"minecraft:sugar_cane":149,"minecraft:oak_planks":16,"minecraft:diorite":59,"minecraft:wall_torch":3,"minecraft:seagrass":1,"minecraft:wheat":72,"minecraft:white_carpet":1,"minecraft:oak_log":19,"minecraft:coal_ore":97,"minecraft:cocoa":9,"minecraft:dripstone_block":28,"minecraft:gravel":14,"minecraft:sand":8,"minecraft:dirt":24,"minecraft:stone_bricks":9,"minecraft:oak_leaves":7},"minecraft:killed":{"minecraft:spider":5,"minecraft:skeleton":8,"minecraft:chicken":1,"minecraft:creeper":1,"minecraft:sheep":5,"minecraft:zombie":20,"minecraft:cow":4},"minecraft:crafted":{"minecraft:wooden_sword":1,"minecraft:oak_planks":76,"minecraft:stone_shovel":5,"minecraft:purple_bed":1,"minecraft:birch_slab":6,"minecraft:stone":100,"minecraft:white_carpet":6,"minecraft:cooked_mutton":5,"minecraft:stone_pickaxe":6,"minecraft:chest":2,"minecraft:stone_hoe":1,"minecraft:oak_fence":36,"minecraft:stone_bricks":36,"minecraft:cooked_beef":1,"minecraft:red_dye":1,"minecraft:cauldron":5,"minecraft:cooked_porkchop":14,"minecraft:crafting_table":1,"minecraft:wooden_pickaxe":1,"minecraft:bucket":1,"minecraft:birch_planks":12,"minecraft:stone_axe":1,"minecraft:bread":17,"minecraft:air":0,"minecraft:jungle_planks":20,"minecraft:blue_dye":1,"minecraft:oak_boat":1,"minecraft:purple_dye":2,"minecraft:stick":105,"minecraft:iron_ingot":42,"minecraft:iron_pickaxe":1,"minecraft:stone_sword":2,"minecraft:white_bed":1,"minecraft:torch":180},"minecraft:used":{"minecraft:oak_fence":49,"minecraft:stone_sword":125,"minecraft:acacia_log":4,"minecraft:stone_shovel":660,"minecraft:chest":4,"minecraft:stone_hoe":81,"minecraft:rotten_flesh":5,"minecraft:torch":113,"minecraft:dirt":26,"minecraft:white_carpet":7,"minecraft:acacia_sapling":4,"minecraft:granite":1,"minecraft:milk_bucket":2,"minecraft:lava_bucket":29,"minecraft:stone_bricks":31,"minecraft:bamboo":9,"minecraft:oak_sapling":1,"minecraft:furnace":1,"minecraft:egg":1,"minecraft:cooked_beef":10,"minecraft:pointed_dripstone":8,"minecraft:wheat_seeds":113,"minecraft:cooked_mutton":5,"minecraft:diorite":12,"minecraft:water_bucket":8,"minecraft:stone_pickaxe":397,"minecraft:oak_planks":16,"minecraft:wooden_pickaxe":5,"minecraft:cauldron":5,"minecraft:sugar_cane":149,"minecraft:glow_berries":3,"minecraft:sand":4,"minecraft:crafting_table":4,"minecraft:white_bed":3,"minecraft:dripstone_block":8,"minecraft:bread":13,"minecraft:mangrove_propagule":2,"minecraft:melon_slice":15,"minecraft:iron_pickaxe":122,"minecraft:stone_axe":109,"minecraft:wooden_sword":10,"minecraft:cobblestone":21,"minecraft:purple_bed":1,"minecraft:cooked_porkchop":14,"minecraft:andesite":5,"minecraft:bucket":38,"minecraft:oak_boat":12},"minecraft:broken":{"minecraft:stone_pickaxe":3,"minecraft:stone_shovel":5},"minecraft:custom":{"minecraft:mob_kills":45,"minecraft:animals_bred":10,"minecraft:interact_with_crafting_table":33,"minecraft:interact_with_campfire":4,"minecraft:leave_game":7,"minecraft:time_since_death":24135,"minecraft:climb_one_cm":12071,"minecraft:sprint_one_cm":786359,"minecraft:walk_one_cm":523510,"minecraft:drop":3,"minecraft:play_time":275102,"minecraft:deaths":1,"minecraft:sneak_time":3245,"minecraft:walk_under_water_one_cm":16376,"minecraft:boat_one_cm":423188,"minecraft:jump":3912,"minecraft:walk_on_water_one_cm":99123,"minecraft:total_world_time":275102,"minecraft:interact_with_furnace":48,"minecraft:sleep_in_bed":11,"minecraft:time_since_rest":10006,"minecraft:damage_taken":2497,"minecraft:damage_dealt":6888,"minecraft:swim_one_cm":66156,"minecraft:fly_one_cm":841336,"minecraft:open_chest":94,"minecraft:crouch_one_cm":1922,"minecraft:use_cauldron":9,"minecraft:fall_one_cm":92384}},"DataVersion":3839}