{"stats":{"minecraft:picked_up":{"minecraft:cocoa_beans":19,"minecraft:iron_chestplate":1,"minecraft:crafting_table":4,"minecraft:wheat":200,"minecraft:chicken":3,"minecraft:shield":3,"minecraft:cornflower":2,"minecraft:music_disc_cat":2,"minecraft:string":13,"minecraft:moss_carpet":1,"minecraft:raw_copper":25,"minecraft:iron_leggings":2,"minecraft:white_carpet":1,"minecraft:cobbled_deepslate":127,"minecraft:bucket":1,"minecraft:beef":19,"minecraft:oak_boat":11,"minecraft:azalea":2,"minecraft:poppy":3,"minecraft:iron_pickaxe":5,"minecraft:sugar_cane":327,"minecraft:melon_slice":35,"minecraft:chest":2,"minecraft:iron_boots":1,"minecraft:furnace":1,"minecraft:egg":14,"minecraft:stick":10,"minecraft:raw_iron":146,"minecraft:oak_fence":13,"minecraft:torch":173,"minecraft:acacia_log":13,"minecraft:porkchop":4,"minecraft:pointed_dripstone":31,"minecraft:diorite":58,"minecraft:redstone":247,"minecraft:stone_shovel":2,"minecraft:stone_sword":1,"minecraft:arrow":42,"minecraft:rotten_flesh":111,"minecraft:beetroot_seeds":2,"minecraft:armadillo_scute":1,"minecraft:mangrove_roots":3,"minecraft:glow_berries":3,"minecraft:mutton":14,"minecraft:white_wool":8,"minecraft:cobblestone":324,"minecraft:feather":6,"minecraft:cooked_beef":17,"minecraft:water_bucket":1,"minecraft:glow_ink_sac":1,"minecraft:andesite":12,"minecraft:jungle_log":7,"minecraft:leather":14,"minecraft:flint":1,"minecraft:tuff":10,"minecraft:oak_log":23,"minecraft:lily_pad":28,"minecraft:gunpowder":18,"minecraft:lapis_lazuli":79,"minecraft:dirt":1203,"minecraft:white_banner":1,"minecraft:name_tag":1,"minecraft:cooked_mutton":5,"minecraft:bone":49,"minecraft:stone_bricks":16,"minecraft:bow":2,"minecraft:wheat_seeds":634,"minecraft:raw_gold":13,"minecraft:iron_ingot":2,"minecraft:stone_pickaxe":6,"minecraft:cooked_chicken":2,"minecraft:bamboo":172,"minecraft:moss_block":26,"minecraft:acacia_sapling":4,"minecraft:iron_sword":1,"minecraft:oak_planks":20,"minecraft:cooked_porkchop":4,"minecraft:pumpkin":9,"minecraft:dandelion":13,"minecraft:dripstone_block":27,"minecraft:gravel":22,"minecraft:sand":8,"minecraft:spruce_sapling":13,"minecraft:white_bed":3,"minecraft:spruce_log":90,"minecraft:spider_eye":3,"minecraft:diamond":31,"minecraft:stone_axe":1,"minecraft:iron_helmet":1,"minecraft:granite":11,"minecraft:bone_meal":15,"minecraft:bread":18,"minecraft:oak_sapling":2,"minecraft:mangrove_propagule":8,"minecraft:coal":98,"minecraft:diamond_pickaxe":1},"minecraft:killed_by":{"minecraft:creeper":1,"minecraft:zombie":1},"minecraft:dropped":{"minecraft:iron_sword":1,"minecraft:diamond":2,"minecraft:torch":65,"minecraft:iron_leggings":3,"minecraft:armadillo_scute":1,"minecraft:music_disc_cat":1,"minecraft:stone_axe":1,"minecraft:iron_boots":1,"minecraft:shield":4,"minecraft:iron_chestplate":1,"minecraft:stone_pickaxe":2},"minecraft:mined":{"minecraft:tuff":5,"minecraft:white_bed":3,"minecraft:deepslate_diamond_ore":24,"minecraft:mangrove_roots":3,"minecraft:granite":3,"minecraft:acacia_log":13,"minecraft:grass_block":1171,"minecraft:jungle_log":6,"minecraft:spruce_leaves":52,"minecraft:moss_block":29,"minecraft:mangrove_propagule":9,"minecraft:tall_seagrass":1,"minecraft:furnace":1,"minecraft:iron_ore":55,"minecraft:cobbled_deepslate":9,"minecraft:fire":11,"minecraft:andesite":11,"minecraft:pumpkin":9,"minecraft:pointed_dripstone":6,"minecraft:deepslate_iron_ore":32,"minecraft:vine":1,"minecraft:azalea":1,"minecraft:bamboo":20,"minecraft:stone":223,"minecraft:deepslate_redstone_ore":55,"minecraft:acacia_leaves":14,"minecraft:dandelion":11,"minecraft:oak_fence":13,"minecraft:cornflower":2,"minecraft:crafting_table":4,"minecraft:torch":9,"minecraft:short_grass":612,"minecraft:poppy":3,"minecraft:melon":8,"minecraft:chest":2,"minecraft:copper_ore":8,"minecraft:tall_grass":88,"minecraft:cobblestone":19,"minecraft:deepslate_gold_ore":19,"minecraft:lapis_ore":9,"minecraft:lily_pad":3,"minecraft:oak_planks":16,"minecraft:sugar_cane":149,"minecraft:wall_torch":3,"minecraft:diorite":59,"minecraft:seagrass":1,"minecraft:wheat":206,"minecraft:white_carpet":1,"minecraft:spruce_log":90,"minecraft:oak_log":23,"minecraft:coal_ore":97,"minecraft:cocoa":9,"minecraft:gravel":15,"minecraft:dripstone_block":28,"minecraft:sand":8,"minecraft:dirt":42,"minecraft:stone_bricks":16,"minecraft:oak_leaves":11,"minecraft:deepslate":52},"minecraft:killed":{"minecraft:spider":10,"minecraft:slime":2,"minecraft:skeleton":19,"minecraft:chicken":3,"minecraft:pig":2,"minecraft:zombie_villager":1,"minecraft:creeper":4,"minecraft:sheep":8,"minecraft:pillager":1,"minecraft:zombie":52,"minecraft:cow":11},"minecraft:crafted":{"minecraft:wooden_sword":1,"minecraft:oak_planks":92,"minecraft:stone_shovel":11,"minecraft:purple_bed":1,"minecraft:birch_slab":6,"minecraft:stone":100,"minecraft:white_carpet":6,"minecraft:cooked_mutton":5,"minecraft:iron_boots":2,"minecraft:spruce_slab":12,"minecraft:stone_pickaxe":6,"minecraft:chest":2,"minecraft:stone_hoe":1,"minecraft:stone_bricks":56,"minecraft:oak_fence":36,"minecraft:cooked_beef":1,"minecraft:red_dye":1,"minecraft:cauldron":5,"minecraft:cooked_porkchop":14,"minecraft:crafting_table":1,"minecraft:spruce_planks":40,"minecraft:wooden_pickaxe":1,"minecraft:iron_helmet":1,"minecraft:iron_sword":2,"minecraft:bucket":1,"minecraft:birch_planks":12,"minecraft:stone_axe":2,"minecraft:bread":35,"minecraft:air":0,"minecraft:jungle_planks":20,"minecraft:blue_dye":1,"minecraft:oak_boat":1,"minecraft:iron_chestplate":2,"minecraft:diamond_pickaxe":1,"minecraft:purple_dye":2,"minecraft:shield":2,"minecraft:stick":153,"minecraft:iron_ingot":99,"minecraft:iron_pickaxe":4,"minecraft:stone_sword":2,"minecraft:iron_leggings":2,"minecraft:stonecutter":1,"minecraft:redstone_torch":1,"minecraft:white_bed":1,"minecraft:composter":1,"minecraft:torch":304},"minecraft:used":{"minecraft:oak_fence":49,"minecraft:stone_sword":153,"minecraft:acacia_log":4,"minecraft:stone_shovel":1197,"minecraft:chest":4,"minecraft:shield":14,"minecraft:iron_sword":217,"minecraft:stone":2,"minecraft:cooked_chicken":2,"minecraft:stone_hoe":81,"minecraft:rotten_flesh":27,"minecraft:torch":310,"minecraft:iron_chestplate":2,"minecraft:dirt":55,"minecraft:white_carpet":7,"minecraft:acacia_sapling":4,"minecraft:granite":1,"minecraft:milk_bucket":3,"minecraft:lava_bucket":36,"minecraft:iron_helmet":1,"minecraft:iron_boots":1,"minecraft:stone_brick_stairs":13,"minecraft:stone_bricks":82,"minecraft:bamboo":9,"minecraft:bow":1,"minecraft:oak_sapling":1,"minecraft:furnace":1,"minecraft:egg":1,"minecraft:cooked_beef":18,"minecraft:cobbled_deepslate":9,"minecraft:pointed_dripstone":8,"minecraft:cooked_mutton":10,"minecraft:wheat_seeds":636,"minecraft:water_bucket":19,"minecraft:diorite":12,"minecraft:stone_pickaxe":469,"minecraft:oak_planks":16,"minecraft:wooden_pickaxe":5,"minecraft:cauldron":5,"minecraft:composter":1,"minecraft:sugar_cane":150,"minecraft:stonecutter":1,"minecraft:glow_berries":3,"minecraft:sand":4,"minecraft:crafting_table":4,"minecraft:white_bed":3,"minecraft:dripstone_block":8,"minecraft:redstone_torch":1,"minecraft:iron_pickaxe":304,"minecraft:melon_slice":20,"minecraft:mangrove_propagule":2,"minecraft:bread":37,"minecraft:spruce_sapling":8,"minecraft:stone_axe":208,"minecraft:wooden_sword":10,"minecraft:purple_bed":1,"minecraft:cobblestone":21,"minecraft:white_banner":1,"minecraft:cooked_porkchop":19,"minecraft:andesite":5,"minecraft:bucket":59,"minecraft:oak_boat":12},"minecraft:broken":{"minecraft:stone_sword":1,"minecraft:stone_pickaxe":3,"minecraft:iron_pickaxe":1,"minecraft:bow":1,"minecraft:stone_shovel":9},"minecraft:custom":{"minecraft:mob_kills":114,"minecraft:animals_bred":17,"minecraft:interact_with_crafting_table":53,"minecraft:interact_with_campfire":29,"minecraft:leave_game":8,"minecraft:time_since_death":15605,"minecraft:climb_one_cm":12071,"minecraft:sprint_one_cm":1407821,"minecraft:walk_one_cm":769088,"minecraft:damage_blocked_by_shield":529,"minecraft:drop":19,"minecraft:play_time":409821,"minecraft:sneak_time":4762,"minecraft:deaths":3,"minecraft:walk_under_water_one_cm":18972,"minecraft:boat_one_cm":423188,"minecraft:jump":6216,"minecraft:walk_on_water_one_cm":119822,"minecraft:total_world_time":409821,"minecraft:interact_with_furnace":76,"minecraft:interact_with_stonecutter":5,"minecraft:sleep_in_bed":16,"minecraft:time_since_rest":15424,"minecraft:damage_taken":5599,"minecraft:damage_dealt":19291,"minecraft:swim_one_cm":82583,"minecraft:fly_one_cm":1373797,"minecraft:open_chest":147,"minecraft:crouch_one_cm":6164,"minecraft:fall_one_cm":148193,"minecraft:use_cauldron":19}},"DataVersion":3839}