{"stats":{"minecraft:custom":{"minecraft:mob_kills":119,"minecraft:animals_bred":17,"minecraft:interact_with_crafting_table":61,"minecraft:fill_cauldron":1,"minecraft:interact_with_campfire":32,"minecraft:leave_game":12,"minecraft:time_since_death":173347,"minecraft:climb_one_cm":12071,"minecraft:sprint_one_cm":1586171,"minecraft:walk_one_cm":1059631,"minecraft:damage_blocked_by_shield":529,"minecraft:drop":19,"minecraft:play_time":567563,"minecraft:sneak_time":9780,"minecraft:deaths":3,"minecraft:walk_under_water_one_cm":246421,"minecraft:boat_one_cm":423188,"minecraft:jump":7221,"minecraft:walk_on_water_one_cm":172782,"minecraft:total_world_time":567563,"minecraft:interact_with_furnace":81,"minecraft:interact_with_stonecutter":6,"minecraft:sleep_in_bed":27,"minecraft:time_since_rest":11303,"minecraft:damage_taken":7445,"minecraft:damage_dealt":20179,"minecraft:swim_one_cm":271557,"minecraft:fly_one_cm":1608925,"minecraft:open_chest":208,"minecraft:crouch_one_cm":6947,"minecraft:fall_one_cm":157803,"minecraft:use_cauldron":25},"minecraft:mined":{"minecraft:tuff":5,"minecraft:white_bed":3,"minecraft:deepslate_diamond_ore":24,"minecraft:mangrove_roots":3,"minecraft:granite":3,"minecraft:acacia_log":13,"minecraft:grass_block":3265,"minecraft:jungle_log":6,"minecraft:spruce_leaves":52,"minecraft:moss_block":29,"minecraft:mangrove_propagule":9,"minecraft:tall_seagrass":1,"minecraft:magma_block":11,"minecraft:furnace":1,"minecraft:iron_ore":61,"minecraft:cobbled_deepslate":9,"minecraft:fire":11,"minecraft:andesite":13,"minecraft:pumpkin":9,"minecraft:pointed_dripstone":6,"minecraft:vine":1,"minecraft:deepslate_iron_ore":32,"minecraft:azalea":1,"minecraft:bamboo":20,"minecraft:stone":234,"minecraft:deepslate_redstone_ore":55,"minecraft:acacia_leaves":14,"minecraft:dandelion":12,"minecraft:spruce_door":18,"minecraft:clay":8,"minecraft:oak_fence":13,"minecraft:cornflower":2,"minecraft:crafting_table":4,"minecraft:torch":11,"minecraft:short_grass":641,"minecraft:poppy":3,"minecraft:melon":8,"minecraft:chest":2,"minecraft:copper_ore":8,"minecraft:tall_grass":90,"minecraft:cobblestone":41,"minecraft:deepslate_gold_ore":19,"minecraft:lapis_ore":9,"minecraft:lily_pad":3,"minecraft:oak_planks":16,"minecraft:sugar_cane":149,"minecraft:wall_torch":3,"minecraft:diorite":59,"minecraft:seagrass":1,"minecraft:wheat":318,"minecraft:white_carpet":1,"minecraft:spruce_log":90,"minecraft:stone_brick_stairs":1,"minecraft:oak_log":23,"minecraft:coal_ore":138,"minecraft:cocoa":9,"minecraft:gravel":139,"minecraft:sand":35,"minecraft:dripstone_block":28,"minecraft:dirt":170,"minecraft:stone_bricks":20,"minecraft:oak_leaves":11,"minecraft:deepslate":52},"minecraft:picked_up":{"minecraft:cocoa_beans":19,"minecraft:iron_chestplate":1,"minecraft:crafting_table":4,"minecraft:wheat":310,"minecraft:chicken":3,"minecraft:clay_ball":32,"minecraft:stone_brick_stairs":1,"minecraft:shield":3,"minecraft:cornflower":2,"minecraft:music_disc_cat":2,"minecraft:string":13,"minecraft:moss_carpet":1,"minecraft:raw_copper":25,"minecraft:iron_leggings":2,"minecraft:white_carpet":1,"minecraft:cobbled_deepslate":127,"minecraft:bucket":1,"minecraft:beef":22,"minecraft:oak_boat":11,"minecraft:azalea":2,"minecraft:poppy":3,"minecraft:iron_pickaxe":5,"minecraft:chest":2,"minecraft:melon_slice":35,"minecraft:sugar_cane":327,"minecraft:furnace":1,"minecraft:iron_boots":1,"minecraft:egg":15,"minecraft:stick":10,"minecraft:raw_iron":151,"minecraft:oak_fence":13,"minecraft:torch":188,"minecraft:acacia_log":13,"minecraft:porkchop":4,"minecraft:pointed_dripstone":31,"minecraft:diorite":58,"minecraft:redstone":247,"minecraft:stone_sword":1,"minecraft:arrow":42,"minecraft:stone_shovel":2,"minecraft:rotten_flesh":116,"minecraft:beetroot_seeds":2,"minecraft:armadillo_scute":1,"minecraft:mangrove_roots":3,"minecraft:glow_berries":3,"minecraft:mutton":14,"minecraft:white_wool":8,"minecraft:cobblestone":351,"minecraft:magma_block":11,"minecraft:feather":6,"minecraft:cooked_beef":20,"minecraft:andesite":14,"minecraft:glow_ink_sac":1,"minecraft:water_bucket":1,"minecraft:jungle_log":7,"minecraft:leather":16,"minecraft:flint":17,"minecraft:tuff":10,"minecraft:oak_log":23,"minecraft:lily_pad":28,"minecraft:gunpowder":18,"minecraft:lapis_lazuli":79,"minecraft:dirt":3420,"minecraft:white_banner":1,"minecraft:name_tag":1,"minecraft:cooked_mutton":5,"minecraft:bone":49,"minecraft:stone_bricks":20,"minecraft:bow":2,"minecraft:wheat_seeds":959,"minecraft:raw_gold":13,"minecraft:iron_ingot":2,"minecraft:stone_pickaxe":6,"minecraft:cooked_chicken":2,"minecraft:bamboo":172,"minecraft:moss_block":26,"minecraft:iron_sword":1,"minecraft:oak_planks":20,"minecraft:acacia_sapling":4,"minecraft:cooked_porkchop":4,"minecraft:pumpkin":9,"minecraft:dandelion":22,"minecraft:dripstone_block":27,"minecraft:gravel":130,"minecraft:sand":35,"minecraft:spruce_sapling":13,"minecraft:white_bed":3,"minecraft:spruce_log":90,"minecraft:spruce_door":18,"minecraft:spider_eye":3,"minecraft:diamond":31,"minecraft:stone_axe":1,"minecraft:iron_helmet":1,"minecraft:granite":11,"minecraft:bone_meal":15,"minecraft:bread":18,"minecraft:oak_sapling":2,"minecraft:mangrove_propagule":8,"minecraft:coal":139,"minecraft:diamond_pickaxe":1},"minecraft:used":{"minecraft:oak_fence":49,"minecraft:stone_sword":162,"minecraft:acacia_log":4,"minecraft:stone_shovel":3575,"minecraft:chest":4,"minecraft:shield":14,"minecraft:iron_sword":217,"minecraft:stone":2,"minecraft:cooked_chicken":2,"minecraft:stone_hoe":81,"minecraft:rotten_flesh":32,"minecraft:torch":320,"minecraft:iron_chestplate":2,"minecraft:dirt":3656,"minecraft:white_carpet":7,"minecraft:acacia_sapling":4,"minecraft:granite":1,"minecraft:milk_bucket":3,"minecraft:lava_bucket":45,"minecraft:iron_helmet":1,"minecraft:iron_boots":1,"minecraft:stone_brick_stairs":15,"minecraft:stone_bricks":85,"minecraft:bamboo":9,"minecraft:magma_block":3,"minecraft:bow":1,"minecraft:oak_sapling":1,"minecraft:furnace":1,"minecraft:egg":1,"minecraft:cooked_beef":21,"minecraft:cobbled_deepslate":9,"minecraft:pointed_dripstone":8,"minecraft:cooked_mutton":10,"minecraft:wheat_seeds":749,"minecraft:water_bucket":27,"minecraft:diorite":12,"minecraft:spruce_door":18,"minecraft:stone_pickaxe":469,"minecraft:oak_planks":16,"minecraft:cauldron":5,"minecraft:sugar_cane":150,"minecraft:wooden_pickaxe":5,"minecraft:composter":1,"minecraft:stonecutter":1,"minecraft:glow_berries":3,"minecraft:sand":4,"minecraft:crafting_table":4,"minecraft:white_bed":3,"minecraft:dripstone_block":8,"minecraft:redstone_torch":1,"minecraft:iron_pickaxe":413,"minecraft:melon_slice":20,"minecraft:mangrove_propagule":2,"minecraft:bread":69,"minecraft:spruce_sapling":8,"minecraft:stone_axe":208,"minecraft:purple_bed":1,"minecraft:wooden_sword":10,"minecraft:cobblestone":21,"minecraft:white_banner":1,"minecraft:cooked_porkchop":19,"minecraft:andesite":5,"minecraft:bucket":76,"minecraft:oak_boat":12},"minecraft:killed":{"minecraft:spider":10,"minecraft:slime":2,"minecraft:skeleton":19,"minecraft:chicken":3,"minecraft:pig":2,"minecraft:zombie_villager":1,"minecraft:creeper":4,"minecraft:sheep":8,"minecraft:pillager":1,"minecraft:zombie":56,"minecraft:cow":12},"minecraft:killed_by":{"minecraft:creeper":1,"minecraft:zombie":1},"minecraft:dropped":{"minecraft:iron_sword":1,"minecraft:diamond":2,"minecraft:torch":65,"minecraft:iron_leggings":3,"minecraft:armadillo_scute":1,"minecraft:music_disc_cat":1,"minecraft:stone_axe":1,"minecraft:iron_boots":1,"minecraft:shield":4,"minecraft:iron_chestplate":1,"minecraft:stone_pickaxe":2},"minecraft:broken":{"minecraft:stone_sword":1,"minecraft:stone_pickaxe":3,"minecraft:iron_pickaxe":1,"minecraft:bow":1,"minecraft:stone_shovel":27},"minecraft:crafted":{"minecraft:wooden_sword":1,"minecraft:oak_planks":92,"minecraft:stone_shovel":27,"minecraft:purple_bed":1,"minecraft:birch_slab":6,"minecraft:stone":100,"minecraft:white_carpet":6,"minecraft:cooked_mutton":5,"minecraft:iron_boots":2,"minecraft:spruce_slab":12,"minecraft:stone_pickaxe":6,"minecraft:chest":2,"minecraft:stone_hoe":1,"minecraft:stone_bricks":56,"minecraft:oak_fence":36,"minecraft:cooked_beef":1,"minecraft:red_dye":1,"minecraft:cauldron":5,"minecraft:cooked_porkchop":14,"minecraft:crafting_table":1,"minecraft:spruce_planks":56,"minecraft:wooden_pickaxe":1,"minecraft:iron_helmet":1,"minecraft:iron_sword":2,"minecraft:spruce_door":3,"minecraft:bucket":1,"minecraft:birch_planks":12,"minecraft:stone_axe":2,"minecraft:bread":75,"minecraft:air":0,"minecraft:jungle_planks":20,"minecraft:blue_dye":1,"minecraft:oak_boat":1,"minecraft:iron_chestplate":2,"minecraft:diamond_pickaxe":1,"minecraft:purple_dye":2,"minecraft:shield":2,"minecraft:stick":181,"minecraft:iron_ingot":113,"minecraft:iron_pickaxe":4,"minecraft:stone_sword":2,"minecraft:iron_leggings":2,"minecraft:stonecutter":1,"minecraft:white_bed":1,"minecraft:redstone_torch":1,"minecraft:composter":1,"minecraft:torch":304}},"DataVersion":3839}