{"stats":{"minecraft:picked_up":{"minecraft:mud":1,"minecraft:crafting_table":4,"minecraft:iron_chestplate":2,"minecraft:chicken":5,"minecraft:clay_ball":4,"minecraft:pink_wool":1,"minecraft:wooden_pickaxe":1,"minecraft:shield":3,"minecraft:string":16,"minecraft:raw_copper":3,"minecraft:iron_leggings":2,"minecraft:blue_orchid":11,"minecraft:cobbled_deepslate":48,"minecraft:poppy":2,"minecraft:iron_pickaxe":1,"minecraft:melon_slice":64,"minecraft:sugar_cane":940,"minecraft:mangrove_log":9,"minecraft:iron_boots":2,"minecraft:egg":2,"minecraft:stick":3,"minecraft:raw_iron":69,"minecraft:torch":120,"minecraft:acacia_log":9,"minecraft:porkchop":16,"minecraft:pointed_dripstone":7,"minecraft:redstone":21,"minecraft:rotten_flesh":12,"minecraft:arrow":2,"minecraft:armadillo_scute":1,"minecraft:mangrove_roots":8,"minecraft:mutton":56,"minecraft:white_wool":34,"minecraft:cobblestone":127,"minecraft:birch_log":8,"minecraft:feather":5,"minecraft:andesite":7,"minecraft:water_bucket":3,"minecraft:jungle_log":7,"minecraft:tuff":3,"minecraft:oak_log":7,"minecraft:gunpowder":6,"minecraft:dirt":34,"minecraft:cooked_mutton":80,"minecraft:bone":7,"minecraft:wheat_seeds":41,"minecraft:raw_gold":13,"minecraft:stone_pickaxe":5,"minecraft:oak_planks":11,"minecraft:iron_sword":6,"minecraft:dandelion":2,"minecraft:gravel":5,"minecraft:white_bed":11,"minecraft:spider_eye":3,"minecraft:diamond":22,"minecraft:stone_axe":3,"minecraft:iron_helmet":2,"minecraft:gray_wool":1,"minecraft:oak_sapling":1,"minecraft:black_wool":1,"minecraft:coal":184},"minecraft:killed_by":{"minecraft:creeper":2},"minecraft:dropped":{"minecraft:water_bucket":1,"minecraft:iron_sword":2,"minecraft:cobblestone":8,"minecraft:torch":54,"minecraft:mutton":1,"minecraft:melon_slice":1,"minecraft:birch_log":2,"minecraft:dandelion":1,"minecraft:gravel":1,"minecraft:mangrove_roots":8,"minecraft:rotten_flesh":2,"minecraft:poppy":1,"minecraft:gunpowder":5,"minecraft:wooden_pickaxe":1},"minecraft:mined":{"minecraft:diamond_ore":1,"minecraft:white_bed":9,"minecraft:deepslate_diamond_ore":16,"minecraft:jungle_leaves":3,"minecraft:mangrove_roots":9,"minecraft:glow_lichen":1,"minecraft:granite":2,"minecraft:acacia_log":6,"minecraft:grass_block":15,"minecraft:jungle_log":8,"minecraft:iron_ore":27,"minecraft:andesite":4,"minecraft:pointed_dripstone":4,"minecraft:deepslate_iron_ore":35,"minecraft:vine":1,"minecraft:blue_orchid":11,"minecraft:stone":124,"minecraft:deepslate_redstone_ore":5,"minecraft:dandelion":1,"minecraft:clay":1,"minecraft:crafting_table":2,"minecraft:torch":4,"minecraft:short_grass":300,"minecraft:poppy":1,"minecraft:melon":11,"minecraft:tall_grass":24,"minecraft:deepslate_gold_ore":7,"minecraft:sugar_cane":439,"minecraft:oak_planks":11,"minecraft:wall_torch":2,"minecraft:mud":1,"minecraft:birch_log":6,"minecraft:mangrove_leaves":1,"minecraft:oak_log":7,"minecraft:coal_ore":186,"minecraft:gravel":1,"minecraft:dripstone_block":2,"minecraft:dirt":19,"minecraft:mangrove_log":9,"minecraft:oak_leaves":35,"minecraft:deepslate":31,"minecraft:fern":3},"minecraft:killed":{"minecraft:spider":9,"minecraft:skeleton":6,"minecraft:chicken":3,"minecraft:pig":10,"minecraft:creeper":1,"minecraft:sheep":37,"minecraft:pillager":2,"minecraft:zombie":17},"minecraft:used":{"minecraft:stone_sword":164,"minecraft:chest":4,"minecraft:shield":13,"minecraft:iron_sword":169,"minecraft:cooked_chicken":5,"minecraft:torch":125,"minecraft:dirt":2,"minecraft:lava_bucket":1,"minecraft:furnace":2,"minecraft:cobbled_deepslate":18,"minecraft:wheat_seeds":39,"minecraft:cooked_mutton":42,"minecraft:water_bucket":6,"minecraft:stone_pickaxe":430,"minecraft:oak_planks":16,"minecraft:wooden_pickaxe":22,"minecraft:sugar_cane":97,"minecraft:crafting_table":3,"minecraft:white_bed":10,"minecraft:campfire":1,"minecraft:melon_slice":66,"minecraft:iron_pickaxe":40,"minecraft:stone_axe":105,"minecraft:wooden_sword":5,"minecraft:cooked_porkchop":1,"minecraft:birch_log":1,"minecraft:bucket":10},"minecraft:crafted":{"minecraft:wooden_sword":1,"minecraft:oak_planks":28,"minecraft:cooked_chicken":5,"minecraft:furnace":2,"minecraft:stone":48,"minecraft:cooked_mutton":32,"minecraft:stone_pickaxe":3,"minecraft:chest":4,"minecraft:cooked_porkchop":2,"minecraft:crafting_table":2,"minecraft:spruce_planks":20,"minecraft:wooden_pickaxe":1,"minecraft:iron_helmet":1,"minecraft:iron_sword":1,"minecraft:birch_planks":4,"minecraft:campfire":1,"minecraft:stone_axe":2,"minecraft:jungle_planks":36,"minecraft:stick":52,"minecraft:iron_ingot":17,"minecraft:iron_pickaxe":1,"minecraft:stone_sword":1,"minecraft:white_bed":2,"minecraft:torch":128},"minecraft:broken":{"minecraft:stone_sword":1,"minecraft:stone_pickaxe":3},"minecraft:custom":{"minecraft:mob_kills":88,"minecraft:animals_bred":9,"minecraft:interact_with_crafting_table":27,"minecraft:fill_cauldron":1,"minecraft:interact_with_campfire":27,"minecraft:leave_game":3,"minecraft:time_since_death":19854,"minecraft:climb_one_cm":15016,"minecraft:sprint_one_cm":1176390,"minecraft:walk_one_cm":717558,"minecraft:damage_blocked_by_shield":551,"minecraft:drop":38,"minecraft:play_time":296496,"minecraft:deaths":2,"minecraft:sneak_time":1631,"minecraft:walk_under_water_one_cm":22915,"minecraft:boat_one_cm":377301,"minecraft:jump":4676,"minecraft:walk_on_water_one_cm":115065,"minecraft:total_world_time":296496,"minecraft:interact_with_furnace":43,"minecraft:sleep_in_bed":14,"minecraft:time_since_rest":1259,"minecraft:damage_taken":3075,"minecraft:damage_dealt":11281,"minecraft:swim_one_cm":93534,"minecraft:fly_one_cm":611458,"minecraft:open_chest":88,"minecraft:crouch_one_cm":2457,"minecraft:use_cauldron":3,"minecraft:fall_one_cm":77014}},"DataVersion":3839}