{"stats":{"minecraft:mined":{"minecraft:nether_gold_ore":1,"minecraft:diamond_ore":1,"minecraft:white_bed":15,"minecraft:deepslate_diamond_ore":16,"minecraft:jungle_leaves":3,"minecraft:mangrove_roots":9,"minecraft:glow_lichen":1,"minecraft:granite":2,"minecraft:acacia_log":6,"minecraft:grass_block":19,"minecraft:jungle_log":8,"minecraft:cracked_polished_blackstone_bricks":8,"minecraft:brown_mushroom_block":45,"minecraft:spruce_leaves":2,"minecraft:polished_blackstone_bricks":12,"minecraft:glowstone":1,"minecraft:fire":4,"minecraft:iron_ore":27,"minecraft:andesite":4,"minecraft:pointed_dripstone":4,"minecraft:deepslate_iron_ore":35,"minecraft:vine":2,"minecraft:lantern":1,"minecraft:warped_stem":1,"minecraft:blue_orchid":11,"minecraft:stone":124,"minecraft:deepslate_redstone_ore":5,"minecraft:brown_mushroom":1,"minecraft:blackstone":1,"minecraft:basalt":8,"minecraft:dandelion":1,"minecraft:clay":1,"minecraft:crafting_table":3,"minecraft:torch":4,"minecraft:short_grass":305,"minecraft:poppy":1,"minecraft:melon":19,"minecraft:mushroom_stem":4,"minecraft:nether_quartz_ore":92,"minecraft:tall_grass":24,"minecraft:deepslate_gold_ore":7,"minecraft:sugar_cane":439,"minecraft:oak_planks":11,"minecraft:wall_torch":2,"minecraft:mud":1,"minecraft:birch_log":6,"minecraft:sweet_berry_bush":9,"minecraft:birch_leaves":7,"minecraft:mangrove_leaves":1,"minecraft:oak_log":7,"minecraft:coal_ore":186,"minecraft:cocoa":1,"minecraft:mycelium":1,"minecraft:gravel":1,"minecraft:dripstone_block":2,"minecraft:dirt":19,"minecraft:mangrove_log":9,"minecraft:netherrack":163,"minecraft:oak_leaves":44,"minecraft:deepslate":31,"minecraft:fern":3},"minecraft:crafted":{"minecraft:wooden_sword":1,"minecraft:oak_planks":28,"minecraft:leather_boots":1,"minecraft:cooked_chicken":5,"minecraft:furnace":2,"minecraft:stone":48,"minecraft:cooked_mutton":32,"minecraft:stone_pickaxe":3,"minecraft:chest":5,"minecraft:cooked_porkchop":2,"minecraft:crafting_table":2,"minecraft:spruce_planks":36,"minecraft:wooden_pickaxe":1,"minecraft:iron_helmet":1,"minecraft:iron_sword":3,"minecraft:birch_planks":4,"minecraft:campfire":1,"minecraft:stone_axe":2,"minecraft:jungle_planks":36,"minecraft:stick":56,"minecraft:iron_ingot":28,"minecraft:iron_pickaxe":1,"minecraft:stone_sword":1,"minecraft:gold_ingot":10,"minecraft:white_bed":2,"minecraft:torch":128},"minecraft:killed_by":{"minecraft:creeper":2},"minecraft:killed":{"minecraft:spider":9,"minecraft:skeleton":6,"minecraft:chicken":3,"minecraft:magma_cube":5,"minecraft:pig":10,"minecraft:creeper":1,"minecraft:sheep":37,"minecraft:pillager":4,"minecraft:zombie":17,"minecraft:cow":18},"minecraft:picked_up":{"minecraft:cocoa_beans":3,"minecraft:mud":1,"minecraft:crafting_table":5,"minecraft:iron_chestplate":5,"minecraft:chicken":5,"minecraft:clay_ball":4,"minecraft:brown_mushroom":10,"minecraft:pink_wool":1,"minecraft:wooden_pickaxe":1,"minecraft:potion":21,"minecraft:stone_brick_stairs":1,"minecraft:shield":25,"minecraft:string":16,"minecraft:raw_copper":3,"minecraft:iron_leggings":9,"minecraft:blackstone":438,"minecraft:blue_orchid":11,"minecraft:gold_nugget":58,"minecraft:cobbled_deepslate":48,"minecraft:beef":37,"minecraft:poppy":2,"minecraft:iron_pickaxe":1,"minecraft:melon_slice":106,"minecraft:sugar_cane":940,"minecraft:mangrove_log":9,"minecraft:iron_boots":25,"minecraft:egg":3,"minecraft:golden_helmet":6,"minecraft:stick":4,"minecraft:raw_iron":69,"minecraft:torch":120,"minecraft:acacia_log":9,"minecraft:porkchop":16,"minecraft:polished_blackstone_bricks":73,"minecraft:golden_axe":6,"minecraft:pointed_dripstone":7,"minecraft:redstone":21,"minecraft:golden_chestplate":1,"minecraft:rotten_flesh":12,"minecraft:arrow":303,"minecraft:armadillo_scute":1,"minecraft:mangrove_roots":8,"minecraft:obsidian":1,"minecraft:mutton":56,"minecraft:white_wool":34,"minecraft:cobblestone":643,"minecraft:birch_log":8,"minecraft:magma_block":140,"minecraft:basalt":258,"minecraft:feather":5,"minecraft:cooked_beef":19,"minecraft:cherry_planks":4,"minecraft:andesite":7,"minecraft:water_bucket":3,"minecraft:jungle_log":7,"minecraft:leather":25,"minecraft:tuff":3,"minecraft:oak_log":7,"minecraft:ancient_debris":2,"minecraft:golden_boots":6,"minecraft:gunpowder":6,"minecraft:dirt":39,"minecraft:lantern":1,"minecraft:cooked_mutton":80,"minecraft:bone":139,"minecraft:kelp":11,"minecraft:bow":17,"minecraft:wheat_seeds":43,"minecraft:raw_gold":13,"minecraft:stone_pickaxe":7,"minecraft:glowstone_dust":2740,"minecraft:oak_planks":11,"minecraft:iron_sword":29,"minecraft:soul_sand":54,"minecraft:warped_fungus":22,"minecraft:sweet_berries":19,"minecraft:warped_wart_block":46,"minecraft:quartz":800,"minecraft:dandelion":2,"minecraft:gravel":5,"minecraft:sand":4,"minecraft:spruce_sapling":1,"minecraft:white_bed":17,"minecraft:crying_obsidian":4,"minecraft:spectral_arrow":253,"minecraft:spider_eye":3,"minecraft:spruce_boat":2,"minecraft:snout_armor_trim_smithing_template":1,"minecraft:diamond":22,"minecraft:stone_axe":3,"minecraft:cracked_polished_blackstone_bricks":4,"minecraft:iron_helmet":23,"minecraft:gray_wool":1,"minecraft:bread":32,"minecraft:piglin_banner_pattern":2,"minecraft:netherrack":3679,"minecraft:oak_sapling":1,"minecraft:black_wool":1,"minecraft:coal":200,"minecraft:diamond_pickaxe":2},"minecraft:dropped":{"minecraft:bread":32,"minecraft:golden_boots":5,"minecraft:water_bucket":1,"minecraft:iron_sword":25,"minecraft:soul_sand":54,"minecraft:brown_mushroom":3,"minecraft:warped_fungus":22,"minecraft:golden_helmet":6,"minecraft:golden_axe":6,"minecraft:iron_helmet":21,"minecraft:cobblestone":524,"minecraft:spectral_arrow":253,"minecraft:coal":16,"minecraft:torch":54,"minecraft:mutton":1,"minecraft:melon_slice":1,"minecraft:potion":21,"minecraft:iron_leggings":7,"minecraft:sand":4,"minecraft:polished_blackstone_bricks":68,"minecraft:birch_log":2,"minecraft:dandelion":1,"minecraft:gold_ingot":1,"minecraft:bone":132,"minecraft:gravel":1,"minecraft:blackstone":437,"minecraft:ancient_debris":1,"minecraft:mangrove_roots":8,"minecraft:golden_chestplate":1,"minecraft:rotten_flesh":2,"minecraft:iron_boots":23,"minecraft:glowstone_dust":2880,"minecraft:cooked_mutton":12,"minecraft:poppy":1,"minecraft:potato":5,"minecraft:shield":22,"minecraft:gunpowder":5,"minecraft:piglin_banner_pattern":1,"minecraft:diamond_pickaxe":2,"minecraft:iron_chestplate":3,"minecraft:bow":17,"minecraft:basalt":253,"minecraft:stone_pickaxe":2,"minecraft:arrow":301,"minecraft:wooden_pickaxe":1,"minecraft:warped_wart_block":47,"minecraft:magma_block":140,"minecraft:quartz":748,"minecraft:netherrack":3549},"minecraft:broken":{"minecraft:stone_sword":1,"minecraft:stone_pickaxe":5,"minecraft:stone_axe":1},"minecraft:custom":{"minecraft:mob_kills":113,"minecraft:animals_bred":18,"minecraft:interact_with_crafting_table":36,"minecraft:fill_cauldron":1,"minecraft:interact_with_campfire":46,"minecraft:leave_game":4,"minecraft:time_since_death":242996,"minecraft:climb_one_cm":16518,"minecraft:sprint_one_cm":1925087,"minecraft:walk_one_cm":1149663,"minecraft:damage_blocked_by_shield":551,"minecraft:drop":607,"minecraft:play_time":519638,"minecraft:deaths":2,"minecraft:sneak_time":24089,"minecraft:walk_under_water_one_cm":29471,"minecraft:boat_one_cm":865897,"minecraft:jump":7438,"minecraft:walk_on_water_one_cm":130949,"minecraft:total_world_time":519638,"minecraft:interact_with_furnace":44,"minecraft:sleep_in_bed":22,"minecraft:time_since_rest":10971,"minecraft:damage_taken":3391,"minecraft:damage_dealt":13452,"minecraft:swim_one_cm":124090,"minecraft:fly_one_cm":1033203,"minecraft:open_chest":138,"minecraft:crouch_one_cm":39948,"minecraft:use_cauldron":3,"minecraft:fall_one_cm":113378},"minecraft:used":{"minecraft:stone_sword":164,"minecraft:chest":5,"minecraft:shield":13,"minecraft:iron_sword":228,"minecraft:cooked_chicken":5,"minecraft:netherrack":104,"minecraft:torch":125,"minecraft:dirt":3,"minecraft:spruce_boat":2,"minecraft:lava_bucket":1,"minecraft:iron_boots":6,"minecraft:stone_brick_stairs":1,"minecraft:furnace":2,"minecraft:egg":1,"minecraft:cooked_beef":11,"minecraft:cobbled_deepslate":18,"minecraft:golden_boots":3,"minecraft:wheat_seeds":39,"minecraft:cooked_mutton":47,"minecraft:water_bucket":11,"minecraft:stone_pickaxe":626,"minecraft:oak_planks":16,"minecraft:wooden_pickaxe":22,"minecraft:leather_boots":3,"minecraft:sugar_cane":97,"minecraft:crafting_table":4,"minecraft:white_bed":16,"minecraft:campfire":1,"minecraft:cracked_polished_blackstone_bricks":1,"minecraft:melon_slice":85,"minecraft:iron_pickaxe":133,"minecraft:spruce_sapling":1,"minecraft:stone_axe":170,"minecraft:wooden_sword":5,"minecraft:cooked_porkchop":1,"minecraft:bucket":15,"minecraft:birch_log":1}},"DataVersion":3839}