{"stats":{"minecraft:picked_up":{"minecraft:birch_log":8,"minecraft:mud":1,"minecraft:crafting_table":2,"minecraft:feather":5,"minecraft:chicken":5,"minecraft:clay_ball":4,"minecraft:jungle_log":7,"minecraft:wooden_pickaxe":1,"minecraft:pink_wool":1,"minecraft:oak_log":7,"minecraft:gunpowder":5,"minecraft:dirt":31,"minecraft:string":4,"minecraft:cooked_mutton":24,"minecraft:bone":1,"minecraft:blue_orchid":11,"minecraft:wheat_seeds":41,"minecraft:poppy":2,"minecraft:melon_slice":64,"minecraft:sugar_cane":90,"minecraft:oak_planks":11,"minecraft:mangrove_log":9,"minecraft:stick":3,"minecraft:raw_iron":10,"minecraft:torch":7,"minecraft:acacia_log":6,"minecraft:dandelion":2,"minecraft:gravel":1,"minecraft:porkchop":16,"minecraft:pointed_dripstone":7,"minecraft:white_bed":7,"minecraft:spider_eye":1,"minecraft:rotten_flesh":2,"minecraft:arrow":1,"minecraft:stone_axe":1,"minecraft:armadillo_scute":1,"minecraft:gray_wool":1,"minecraft:mangrove_roots":8,"minecraft:oak_sapling":1,"minecraft:black_wool":1,"minecraft:mutton":49,"minecraft:coal":132,"minecraft:white_wool":30,"minecraft:cobblestone":94},"minecraft:dropped":{"minecraft:gravel":1,"minecraft:mangrove_roots":8,"minecraft:cobblestone":8,"minecraft:rotten_flesh":2,"minecraft:poppy":1,"minecraft:gunpowder":5,"minecraft:torch":1,"minecraft:melon_slice":1,"minecraft:wooden_pickaxe":1,"minecraft:birch_log":2,"minecraft:dandelion":1},"minecraft:mined":{"minecraft:white_bed":7,"minecraft:jungle_leaves":3,"minecraft:mangrove_roots":9,"minecraft:dandelion":1,"minecraft:clay":1,"minecraft:crafting_table":2,"minecraft:torch":3,"minecraft:granite":2,"minecraft:short_grass":297,"minecraft:acacia_log":6,"minecraft:melon":11,"minecraft:grass_block":12,"minecraft:poppy":1,"minecraft:jungle_log":8,"minecraft:tall_grass":23,"minecraft:oak_planks":11,"minecraft:sugar_cane":49,"minecraft:mud":1,"minecraft:birch_log":6,"minecraft:iron_ore":10,"minecraft:mangrove_leaves":1,"minecraft:pointed_dripstone":4,"minecraft:oak_log":7,"minecraft:coal_ore":134,"minecraft:vine":1,"minecraft:dripstone_block":2,"minecraft:gravel":1,"minecraft:dirt":19,"minecraft:mangrove_log":9,"minecraft:blue_orchid":11,"minecraft:stone":92,"minecraft:oak_leaves":35,"minecraft:fern":3},"minecraft:killed":{"minecraft:pig":10,"minecraft:spider":3,"minecraft:sheep":33,"minecraft:zombie":2,"minecraft:chicken":3},"minecraft:crafted":{"minecraft:wooden_sword":1,"minecraft:oak_planks":28,"minecraft:cooked_porkchop":2,"minecraft:crafting_table":2,"minecraft:iron_helmet":1,"minecraft:cooked_chicken":5,"minecraft:wooden_pickaxe":1,"minecraft:iron_sword":1,"minecraft:furnace":2,"minecraft:campfire":1,"minecraft:stone_axe":2,"minecraft:cooked_mutton":29,"minecraft:jungle_planks":28,"minecraft:stick":20,"minecraft:iron_ingot":9,"minecraft:stone_pickaxe":3,"minecraft:stone_sword":1,"minecraft:white_bed":2,"minecraft:torch":40},"minecraft:used":{"minecraft:wheat_seeds":39,"minecraft:cooked_mutton":19,"minecraft:stone_sword":164,"minecraft:stone_pickaxe":266,"minecraft:oak_planks":16,"minecraft:wooden_pickaxe":22,"minecraft:iron_sword":20,"minecraft:sugar_cane":90,"minecraft:cooked_chicken":1,"minecraft:torch":38,"minecraft:dirt":1,"minecraft:crafting_table":3,"minecraft:campfire":1,"minecraft:white_bed":8,"minecraft:melon_slice":38,"minecraft:stone_axe":104,"minecraft:wooden_sword":5,"minecraft:furnace":2,"minecraft:cooked_porkchop":1,"minecraft:bucket":1,"minecraft:birch_log":1},"minecraft:custom":{"minecraft:interact_with_furnace":27,"minecraft:mob_kills":53,"minecraft:interact_with_crafting_table":20,"minecraft:interact_with_campfire":24,"minecraft:leave_game":1,"minecraft:time_since_death":163736,"minecraft:sleep_in_bed":9,"minecraft:climb_one_cm":15016,"minecraft:time_since_rest":9851,"minecraft:sprint_one_cm":725662,"minecraft:damage_taken":946,"minecraft:walk_one_cm":391556,"minecraft:drop":12,"minecraft:damage_dealt":5070,"minecraft:swim_one_cm":55687,"minecraft:fly_one_cm":286031,"minecraft:open_chest":14,"minecraft:crouch_one_cm":1939,"minecraft:play_time":163736,"minecraft:sneak_time":1330,"minecraft:walk_under_water_one_cm":14805,"minecraft:boat_one_cm":377301,"minecraft:jump":2424,"minecraft:walk_on_water_one_cm":70800,"minecraft:total_world_time":163736,"minecraft:fall_one_cm":36029},"minecraft:broken":{"minecraft:stone_pickaxe":1,"minecraft:stone_sword":1}},"DataVersion":3839}